<prezi xsi:schemaLocation="http://prezi.com/schema/prezi/2 http://prezi.com/schema/prezi/2" xmlns:xsi="http://www.w3.org/2001/XMLSchema-instance" version="2" xmlns="http://prezi.com/schema/prezi/2"><xFields><xField name="preziType"><xEnum type="PreziType" value="converted-from-core"/></xField></xFields><aspectRatio><aspectRatio value="16:9"/></aspectRatio><background><background><layers><array><backgroundSwfGraphics><assetSourceFilename><string value="prezi_template_bond_background_final_x.swf"/></assetSourceFilename><depth><double value="20.879133139311502"/></depth><fadeScale><double value="0.10536835918047821"/></fadeScale><height><double value="1584"/></height><localToWorld><transform2D x="-10625.334333129662" y="-8107.132397395413" scale="29.824970889277022" rotation="0"/></localToWorld><offlineAssetId><string value="4221407852"/></offlineAssetId><onlineAssetId><string value="4221407852"/></onlineAssetId><onlineAssetUrl><string value="http://0103.static.prezi.com.s3.amazonaws.com/media/d/5/4/5de26d4825f4fb0bb7d769e67b82981f70c0f.swf"/></onlineAssetUrl><width><double value="2465"/></width></backgroundSwfGraphics></array></layers></background></background><documentStyle><documentStyle><fontClasses><array><fontClass><fontFamily><string value="WayRale"/></fontFamily><name><string value="body"/></name></fontClass><fontClass><fontFamily><string value="OpenSans"/></fontFamily><name><string value="custom-opensans"/></name></fontClass><fontClass><fontFamily><string value="WayRale"/></fontFamily><name><string value="custom-wayrale"/></name></fontClass><fontClass><fontFamily><string value="WayRale"/></fontFamily><fontWeight><fontWeight value="bold"/></fontWeight><name><string value="head"/></name></fontClass><fontClass><fontFamily><string value="WayRale"/></fontFamily><fontWeight><fontWeight value="bold"/></fontWeight><name><string value="strong"/></name></fontClass></array></fontClasses><fontFamilies><array><fontFamily><fontFaces><array><fontFace><fontSrc><string value="OpenSans.keg"/></fontSrc></fontFace><fontFace><fontSrc><string value="OpenSans-B.keg"/></fontSrc><fontWeight><fontWeight value="bold"/></fontWeight></fontFace><fontFace><fontSrc><string value="OpenSans-I.keg"/></fontSrc><fontStyle><fontStyle value="italic"/></fontStyle></fontFace><fontFace><fontSrc><string value="OpenSans-BI.keg"/></fontSrc><fontStyle><fontStyle value="italic"/></fontStyle><fontWeight><fontWeight value="bold"/></fontWeight></fontFace></array></fontFaces><name><string value="OpenSans"/></name></fontFamily><fontFamily><fontFaces><array><fontFace><fontSrc><string value="WayRale-Regular.keg"/></fontSrc></fontFace><fontFace><fontSrc><string value="WayRale-Regular.keg"/></fontSrc></fontFace><fontFace><fontSrc><string value="WayRale-Bold.keg"/></fontSrc><fontWeight><fontWeight value="bold"/></fontWeight></fontFace><fontFace><fontSrc><string value="WayRale-Bold.keg"/></fontSrc><fontWeight><fontWeight value="bold"/></fontWeight></fontFace><fontFace><fontSrc><string value="WayRale-Italic.keg"/></fontSrc><fontStyle><fontStyle value="italic"/></fontStyle></fontFace><fontFace><fontSrc><string value="WayRale-BoldItalic.keg"/></fontSrc><fontStyle><fontStyle value="italic"/></fontStyle><fontWeight><fontWeight value="bold"/></fontWeight></fontFace></array></fontFaces><name><string value="WayRale"/></name></fontFamily></array></fontFamilies><styleDeclarations><array><styleDeclaration><styleBlock><styleBlock><gradEndAlpha><double value="0.7"/></gradEndAlpha><gradStartAlpha><double value="0.5"/></gradStartAlpha></styleBlock></styleBlock><styleSelector><simpleSelector value="zCircle"/></styleSelector></styleDeclaration><styleDeclaration><styleBlock><styleBlock><color><color value="#000000"/></color><fillType><fillType value="linear"/></fillType><gradEndColor><color value="#000000"/></gradEndColor><gradStartColor><color value="#000000"/></gradStartColor></styleBlock></styleBlock><styleSelector><simpleSelector value="*.line1"/></styleSelector></styleDeclaration><styleDeclaration><styleBlock><styleBlock><color><color value="#666666"/></color><fillType><fillType value="linear"/></fillType><gradEndColor><color value="#666666"/></gradEndColor><gradStartColor><color value="#666666"/></gradStartColor></styleBlock></styleBlock><styleSelector><simpleSelector value="*.line2"/></styleSelector></styleDeclaration><styleDeclaration><styleBlock><styleBlock><color><color value="#FFFFFF"/></color><fillType><fillType value="linear"/></fillType><gradEndColor><color value="#FFFFFF"/></gradEndColor><gradStartColor><color value="#FFFFFF"/></gradStartColor></styleBlock></styleBlock><styleSelector><simpleSelector value="*.line3"/></styleSelector></styleDeclaration><styleDeclaration><styleBlock><styleBlock><color><color value="#318BFF"/></color><fillType><fillType value="linear"/></fillType><gradEndColor><color value="#318BFF"/></gradEndColor><gradStartColor><color value="#318BFF"/></gradStartColor></styleBlock></styleBlock><styleSelector><simpleSelector value="*.line4"/></styleSelector></styleDeclaration><styleDeclaration><styleBlock><styleBlock><color><color value="#EF4C33"/></color><fillType><fillType value="linear"/></fillType><gradEndColor><color value="#F16A21"/></gradEndColor><gradStartColor><color value="#EF4C33"/></gradStartColor></styleBlock></styleBlock><styleSelector><simpleSelector value="*.line5"/></styleSelector></styleDeclaration><styleDeclaration><styleBlock><styleBlock><color><color value="#27AAE1"/></color><fillType><fillType value="linear"/></fillType><gradEndColor><color value="#000000"/></gradEndColor><gradStartColor><color value="#000000"/></gradStartColor></styleBlock></styleBlock><styleSelector><simpleSelector value="*.poly1"/></styleSelector></styleDeclaration><styleDeclaration><styleBlock><styleBlock><color><color value="#27AAE1"/></color><fillType><fillType value="linear"/></fillType><gradEndColor><color value="#666666"/></gradEndColor><gradStartColor><color value="#666666"/></gradStartColor></styleBlock></styleBlock><styleSelector><simpleSelector value="*.poly2"/></styleSelector></styleDeclaration><styleDeclaration><styleBlock><styleBlock><color><color value="#27AAE1"/></color><fillType><fillType value="linear"/></fillType><gradEndColor><color value="#FFFFFF"/></gradEndColor><gradStartColor><color value="#FFFFFF"/></gradStartColor></styleBlock></styleBlock><styleSelector><simpleSelector value="*.poly3"/></styleSelector></styleDeclaration><styleDeclaration><styleBlock><styleBlock><color><color value="#27AAE1"/></color><fillType><fillType value="linear"/></fillType><gradEndColor><color value="#318BFF"/></gradEndColor><gradStartColor><color value="#318BFF"/></gradStartColor></styleBlock></styleBlock><styleSelector><simpleSelector value="*.poly4"/></styleSelector></styleDeclaration><styleDeclaration><styleBlock><styleBlock><color><color value="#27AAE1"/></color><fillType><fillType value="linear"/></fillType><gradEndColor><color value="#F16A21"/></gradEndColor><gradStartColor><color value="#EF4C33"/></gradStartColor></styleBlock></styleBlock><styleSelector><simpleSelector value="*.poly5"/></styleSelector></styleDeclaration><styleDeclaration><styleBlock><styleBlock><fillType><fillType value="linear"/></fillType><gradEndColor><color value="#27AAE1"/></gradEndColor><gradStartColor><color value="#27AAE1"/></gradStartColor></styleBlock></styleBlock><styleSelector><simpleSelector value="background"/></styleSelector></styleDeclaration><styleDeclaration><styleBlock><styleBlock><borderAlpha><double value="0"/></borderAlpha><borderThickness><double value="0"/></borderThickness><fillType><fillType value="linear"/></fillType><gradEndAlpha><double value="1"/></gradEndAlpha><gradEndColor><color value="#FFFFFF"/></gradEndColor><gradStartAlpha><double value="1"/></gradStartAlpha><gradStartColor><color value="#FFFFFF"/></gradStartColor><thickness><double value="10"/></thickness></styleBlock></styleBlock><styleSelector><simpleSelector value="zArrow"/></styleSelector></styleDeclaration><styleDeclaration><styleBlock><styleBlock><borderAlpha><double value="0"/></borderAlpha><gradEndAlpha><double value="1"/></gradEndAlpha><gradStartAlpha><double value="1"/></gradStartAlpha><radius><double value="0"/></radius><thickness><double value="100"/></thickness></styleBlock></styleBlock><styleSelector><simpleSelector value="zCircle"/></styleSelector></styleDeclaration><styleDeclaration><styleBlock><styleBlock><color><color value="#FFFFFF"/></color></styleBlock></styleBlock><styleSelector><simpleSelector value="zPencil"/></styleSelector></styleDeclaration><styleDeclaration><styleBlock><styleBlock><borderAlpha><double value="0"/></borderAlpha><borderColor><color value="#333333"/></borderColor><borderThickness><double value="0"/></borderThickness><fillType><fillType value="linear"/></fillType><gradEndAlpha><double value="1"/></gradEndAlpha><gradEndColor><color value="#000000"/></gradEndColor><gradStartAlpha><double value="1"/></gradStartAlpha><gradStartColor><color value="#000000"/></gradStartColor><padding><double value="1.03"/></padding><thickness><double value="5"/></thickness></styleBlock></styleBlock><styleSelector><simpleSelector value="zBracketFrame"/></styleSelector></styleDeclaration><styleDeclaration><styleBlock><styleBlock><borderAlpha><double value="0"/></borderAlpha><borderColor><color value="#333333"/></borderColor><borderThickness><double value="0"/></borderThickness><fillType><fillType value="linear"/></fillType><gradEndAlpha><double value="1"/></gradEndAlpha><gradEndColor><color value="#FFFFFF"/></gradEndColor><gradStartAlpha><double value="1"/></gradStartAlpha><gradStartColor><color value="#FFFFFF"/></gradStartColor><padding><double value="1.03"/></padding><thickness><double value="100"/></thickness></styleBlock></styleBlock><styleSelector><simpleSelector value="zCircleFrame"/></styleSelector></styleDeclaration><styleDeclaration><styleBlock><styleBlock><borderAlpha><double value="0"/></borderAlpha><borderColor><color value="#000000"/></borderColor><borderThickness><double value="0"/></borderThickness><fillType><fillType value="linear"/></fillType><gradEndAlpha><double value="0.7"/></gradEndAlpha><gradEndColor><color value="#FFFFFF"/></gradEndColor><gradStartAlpha><double value="0.7"/></gradStartAlpha><gradStartColor><color value="#FFFFFF"/></gradStartColor><padding><double value="1.03"/></padding><radius><double value="1"/></radius><thickness><double value="3"/></thickness></styleBlock></styleBlock><styleSelector><simpleSelector value="zRectangleFrame"/></styleSelector></styleDeclaration><styleDeclaration><styleBlock><styleBlock><padding><double value="1.2"/></padding></styleBlock></styleBlock><styleSelector><simpleSelector value="zText"/></styleSelector></styleDeclaration><styleDeclaration><styleBlock><styleBlock><color><color value="#000000"/></color><fontClass><string value="body"/></fontClass></styleBlock></styleBlock><styleSelector><simpleSelector value="zText.body"/></styleSelector></styleDeclaration><styleDeclaration><styleBlock><styleBlock><backgroundAlpha><double value="0.9"/></backgroundAlpha><backgroundColor><color value="#CCCCCC"/></backgroundColor><backgroundPadding><double value="6"/></backgroundPadding></styleBlock></styleBlock><styleSelector><simpleSelector value="zText.body-background"/></styleSelector></styleDeclaration><styleDeclaration><styleBlock><styleBlock><color><color value="#FFFFFF"/></color><fontClass><string value="head"/></fontClass></styleBlock></styleBlock><styleSelector><simpleSelector value="zText.title"/></styleSelector></styleDeclaration><styleDeclaration><styleBlock><styleBlock><backgroundAlpha><double value="1"/></backgroundAlpha><backgroundColor><color value="#000000"/></backgroundColor><backgroundPadding><double value="6"/></backgroundPadding></styleBlock></styleBlock><styleSelector><simpleSelector value="zText.title-background"/></styleSelector></styleDeclaration><styleDeclaration><styleBlock><styleBlock><color><color value="#000000"/></color><fontClass><string value="strong"/></fontClass></styleBlock></styleBlock><styleSelector><simpleSelector value="zText.subtitle"/></styleSelector></styleDeclaration><styleDeclaration><styleBlock><styleBlock><backgroundAlpha><double value="1"/></backgroundAlpha><backgroundColor><color value="#318BFF"/></backgroundColor><backgroundPadding><double value="6"/></backgroundPadding></styleBlock></styleBlock><styleSelector><simpleSelector value="zText.subtitle-background"/></styleSelector></styleDeclaration><styleDeclaration><styleBlock><styleBlock><color><color value="#FFFFFF"/></color></styleBlock></styleBlock><styleSelector><simpleSelector value="zLine"/></styleSelector></styleDeclaration><styleDeclaration><styleBlock><styleBlock><alpha><double value="0.65"/></alpha><color><color value="#E80B76"/></color></styleBlock></styleBlock><styleSelector><simpleSelector value="zMarker"/></styleSelector></styleDeclaration><styleDeclaration><styleBlock><styleBlock><borderAlpha><double value="0"/></borderAlpha><gradEndAlpha><double value="1"/></gradEndAlpha><gradStartAlpha><double value="1"/></gradStartAlpha><radius><double value="0"/></radius><thickness><double value="100"/></thickness></styleBlock></styleBlock><styleSelector><simpleSelector value="zTriangle"/></styleSelector></styleDeclaration><styleDeclaration><styleBlock><styleBlock><borderAlpha><double value="0"/></borderAlpha><gradEndAlpha><double value="1"/></gradEndAlpha><gradStartAlpha><double value="1"/></gradStartAlpha><radius><double value="0"/></radius><thickness><double value="100"/></thickness></styleBlock></styleBlock><styleSelector><simpleSelector value="zSquare"/></styleSelector></styleDeclaration><styleDeclaration><styleBlock><styleBlock><fontClass><string value="custom-wayrale"/></fontClass></styleBlock></styleBlock><styleSelector><simpleSelector value="#0_252161747"/></styleSelector></styleDeclaration><styleDeclaration><styleBlock><styleBlock><borderColor><color value="#000000"/></borderColor><borderThickness><double value="9"/></borderThickness><color><color value="#000000"/></color><fillType><fillType value="linear"/></fillType><gradEndAlpha><double value="1"/></gradEndAlpha><gradEndColor><color value="#000000"/></gradEndColor><gradStartAlpha><double value="1"/></gradStartAlpha><gradStartColor><color value="#000000"/></gradStartColor></styleBlock></styleBlock><styleSelector><simpleSelector value="#14_252161747"/></styleSelector></styleDeclaration><styleDeclaration><styleBlock><styleBlock><xFields><xField name="deprecatedBackgroundPaddingHorizontal"><xJust><xDouble value="6"/></xJust></xField><xField name="deprecatedBackgroundPaddingVertical"><xJust><xDouble value="6"/></xJust></xField></xFields></styleBlock></styleBlock><styleSelector><simpleSelector value="#151_30863873"/></styleSelector></styleDeclaration><styleDeclaration><styleBlock><styleBlock><borderColor><color value="#000000"/></borderColor><borderThickness><double value="9"/></borderThickness><color><color value="#000000"/></color><fillType><fillType value="linear"/></fillType><gradEndAlpha><double value="1"/></gradEndAlpha><gradEndColor><color value="#000000"/></gradEndColor><gradStartAlpha><double value="1"/></gradStartAlpha><gradStartColor><color value="#000000"/></gradStartColor></styleBlock></styleBlock><styleSelector><simpleSelector value="#15_252161747"/></styleSelector></styleDeclaration><styleDeclaration><styleBlock><styleBlock><fontClass><string value="custom-wayrale"/></fontClass></styleBlock></styleBlock><styleSelector><simpleSelector value="#16_158621475"/></styleSelector></styleDeclaration><styleDeclaration><styleBlock><styleBlock><borderColor><color value="#000000"/></borderColor><borderThickness><double value="9"/></borderThickness><color><color value="#000000"/></color><fillType><fillType value="linear"/></fillType><gradEndAlpha><double value="1"/></gradEndAlpha><gradEndColor><color value="#000000"/></gradEndColor><gradStartAlpha><double value="1"/></gradStartAlpha><gradStartColor><color value="#000000"/></gradStartColor></styleBlock></styleBlock><styleSelector><simpleSelector value="#17_252161747"/></styleSelector></styleDeclaration><styleDeclaration><styleBlock><styleBlock><fontClass><string value="custom-opensans"/></fontClass></styleBlock></styleBlock><styleSelector><simpleSelector value="#1_252161747"/></styleSelector></styleDeclaration><styleDeclaration><styleBlock><styleBlock><borderColor><color value="#000000"/></borderColor><borderThickness><double value="9"/></borderThickness><color><color value="#000000"/></color><fillType><fillType value="linear"/></fillType><gradEndAlpha><double value="1"/></gradEndAlpha><gradEndColor><color value="#000000"/></gradEndColor><gradStartAlpha><double value="1"/></gradStartAlpha><gradStartColor><color value="#000000"/></gradStartColor></styleBlock></styleBlock><styleSelector><simpleSelector value="#20_252161747"/></styleSelector></styleDeclaration><styleDeclaration><styleBlock><styleBlock><borderColor><color value="#000000"/></borderColor><borderThickness><double value="9"/></borderThickness><color><color value="#000000"/></color><fillType><fillType value="linear"/></fillType><gradEndAlpha><double value="1"/></gradEndAlpha><gradEndColor><color value="#000000"/></gradEndColor><gradStartAlpha><double value="1"/></gradStartAlpha><gradStartColor><color value="#000000"/></gradStartColor></styleBlock></styleBlock><styleSelector><simpleSelector value="#21_252161747"/></styleSelector></styleDeclaration><styleDeclaration><styleBlock><styleBlock><borderColor><color value="#000000"/></borderColor><borderThickness><double value="9"/></borderThickness><color><color value="#000000"/></color><fillType><fillType value="linear"/></fillType><gradEndAlpha><double value="1"/></gradEndAlpha><gradEndColor><color value="#000000"/></gradEndColor><gradStartAlpha><double value="1"/></gradStartAlpha><gradStartColor><color value="#000000"/></gradStartColor></styleBlock></styleBlock><styleSelector><simpleSelector value="#22_252161747"/></styleSelector></styleDeclaration><styleDeclaration><styleBlock><styleBlock><borderColor><color value="#000000"/></borderColor><borderThickness><double value="9"/></borderThickness><color><color value="#000000"/></color><fillType><fillType value="linear"/></fillType><gradEndAlpha><double value="1"/></gradEndAlpha><gradEndColor><color value="#000000"/></gradEndColor><gradStartAlpha><double value="1"/></gradStartAlpha><gradStartColor><color value="#000000"/></gradStartColor></styleBlock></styleBlock><styleSelector><simpleSelector value="#23_252161747"/></styleSelector></styleDeclaration><styleDeclaration><styleBlock><styleBlock><fontClass><string value="custom-wayrale"/></fontClass></styleBlock></styleBlock><styleSelector><simpleSelector value="#24_158621475"/></styleSelector></styleDeclaration><styleDeclaration><styleBlock><styleBlock><fontClass><string value="custom-wayrale"/></fontClass></styleBlock></styleBlock><styleSelector><simpleSelector value="#25_158621475"/></styleSelector></styleDeclaration><styleDeclaration><styleBlock><styleBlock><borderColor><color value="#000000"/></borderColor><borderThickness><double value="9"/></borderThickness><color><color value="#000000"/></color><fillType><fillType value="linear"/></fillType><gradEndAlpha><double value="1"/></gradEndAlpha><gradEndColor><color value="#000000"/></gradEndColor><gradStartAlpha><double value="1"/></gradStartAlpha><gradStartColor><color value="#000000"/></gradStartColor></styleBlock></styleBlock><styleSelector><simpleSelector value="#26_252161747"/></styleSelector></styleDeclaration><styleDeclaration><styleBlock><styleBlock><borderColor><color value="#000000"/></borderColor><borderThickness><double value="9"/></borderThickness><color><color value="#000000"/></color><fillType><fillType value="linear"/></fillType><gradEndAlpha><double value="1"/></gradEndAlpha><gradEndColor><color value="#000000"/></gradEndColor><gradStartAlpha><double value="1"/></gradStartAlpha><gradStartColor><color value="#000000"/></gradStartColor></styleBlock></styleBlock><styleSelector><simpleSelector value="#27_252161747"/></styleSelector></styleDeclaration><styleDeclaration><styleBlock><styleBlock><borderColor><color value="#000000"/></borderColor><borderThickness><double value="9"/></borderThickness><color><color value="#000000"/></color><fillType><fillType value="linear"/></fillType><gradEndAlpha><double value="1"/></gradEndAlpha><gradEndColor><color value="#000000"/></gradEndColor><gradStartAlpha><double value="1"/></gradStartAlpha><gradStartColor><color value="#000000"/></gradStartColor></styleBlock></styleBlock><styleSelector><simpleSelector value="#28_252161747"/></styleSelector></styleDeclaration><styleDeclaration><styleBlock><styleBlock><borderColor><color value="#000000"/></borderColor><borderThickness><double value="9"/></borderThickness><color><color value="#000000"/></color><fillType><fillType value="linear"/></fillType><gradEndAlpha><double value="1"/></gradEndAlpha><gradEndColor><color value="#000000"/></gradEndColor><gradStartAlpha><double value="1"/></gradStartAlpha><gradStartColor><color value="#000000"/></gradStartColor></styleBlock></styleBlock><styleSelector><simpleSelector value="#29_252161747"/></styleSelector></styleDeclaration><styleDeclaration><styleBlock><styleBlock><borderColor><color value="#000000"/></borderColor><borderThickness><double value="9"/></borderThickness><color><color value="#000000"/></color><fillType><fillType value="linear"/></fillType><gradEndAlpha><double value="1"/></gradEndAlpha><gradEndColor><color value="#000000"/></gradEndColor><gradStartAlpha><double value="1"/></gradStartAlpha><gradStartColor><color value="#000000"/></gradStartColor></styleBlock></styleBlock><styleSelector><simpleSelector value="#30_252161747"/></styleSelector></styleDeclaration><styleDeclaration><styleBlock><styleBlock><borderColor><color value="#000000"/></borderColor><borderThickness><double value="9"/></borderThickness><color><color value="#000000"/></color><fillType><fillType value="linear"/></fillType><gradEndAlpha><double value="1"/></gradEndAlpha><gradEndColor><color value="#000000"/></gradEndColor><gradStartAlpha><double value="1"/></gradStartAlpha><gradStartColor><color value="#000000"/></gradStartColor></styleBlock></styleBlock><styleSelector><simpleSelector value="#31_252161747"/></styleSelector></styleDeclaration><styleDeclaration><styleBlock><styleBlock><borderColor><color value="#000000"/></borderColor><borderThickness><double value="9"/></borderThickness><color><color value="#000000"/></color><fillType><fillType value="linear"/></fillType><gradEndAlpha><double value="1"/></gradEndAlpha><gradEndColor><color value="#000000"/></gradEndColor><gradStartAlpha><double value="1"/></gradStartAlpha><gradStartColor><color value="#000000"/></gradStartColor></styleBlock></styleBlock><styleSelector><simpleSelector value="#32_252161747"/></styleSelector></styleDeclaration><styleDeclaration><styleBlock><styleBlock><borderColor><color value="#000000"/></borderColor><borderThickness><double value="9"/></borderThickness><color><color value="#000000"/></color><fillType><fillType value="linear"/></fillType><gradEndAlpha><double value="1"/></gradEndAlpha><gradEndColor><color value="#000000"/></gradEndColor><gradStartAlpha><double value="1"/></gradStartAlpha><gradStartColor><color value="#000000"/></gradStartColor></styleBlock></styleBlock><styleSelector><simpleSelector value="#33_252161747"/></styleSelector></styleDeclaration><styleDeclaration><styleBlock><styleBlock><borderColor><color value="#640F1E"/></borderColor><color><color value="#640F1E"/></color><fillType><fillType value="linear"/></fillType><gradEndAlpha><double value="1"/></gradEndAlpha><gradEndColor><color value="#640F1E"/></gradEndColor><gradStartAlpha><double value="1"/></gradStartAlpha><gradStartColor><color value="#640F1E"/></gradStartColor><thickness><double value="10"/></thickness></styleBlock></styleBlock><styleSelector><simpleSelector value="#34_252161747"/></styleSelector></styleDeclaration><styleDeclaration><styleBlock><styleBlock><borderColor><color value="#640F1E"/></borderColor><color><color value="#640F1E"/></color><fillType><fillType value="linear"/></fillType><gradEndAlpha><double value="1"/></gradEndAlpha><gradEndColor><color value="#640F1E"/></gradEndColor><gradStartAlpha><double value="1"/></gradStartAlpha><gradStartColor><color value="#640F1E"/></gradStartColor><thickness><double value="10"/></thickness></styleBlock></styleBlock><styleSelector><simpleSelector value="#35_252161747"/></styleSelector></styleDeclaration><styleDeclaration><styleBlock><styleBlock><borderColor><color value="#000000"/></borderColor><color><color value="#000000"/></color><fillType><fillType value="linear"/></fillType><gradEndAlpha><double value="1"/></gradEndAlpha><gradEndColor><color value="#000000"/></gradEndColor><gradStartAlpha><double value="1"/></gradStartAlpha><gradStartColor><color value="#000000"/></gradStartColor><thickness><double value="10"/></thickness></styleBlock></styleBlock><styleSelector><simpleSelector value="#36_252161747"/></styleSelector></styleDeclaration><styleDeclaration><styleBlock><styleBlock><borderColor><color value="#000000"/></borderColor><color><color value="#000000"/></color><fillType><fillType value="linear"/></fillType><gradEndAlpha><double value="1"/></gradEndAlpha><gradEndColor><color value="#000000"/></gradEndColor><gradStartAlpha><double value="1"/></gradStartAlpha><gradStartColor><color value="#000000"/></gradStartColor><thickness><double value="10"/></thickness></styleBlock></styleBlock><styleSelector><simpleSelector value="#38_252161747"/></styleSelector></styleDeclaration><styleDeclaration><styleBlock><styleBlock><color><color value="#FFFFFF"/></color><fillType><fillType value="linear"/></fillType><gradEndAlpha><double value="1"/></gradEndAlpha><gradEndColor><color value="#FFFFFF"/></gradEndColor><gradStartAlpha><double value="1"/></gradStartAlpha><gradStartColor><color value="#FFFFFF"/></gradStartColor><thickness><double value="8"/></thickness></styleBlock></styleBlock><styleSelector><simpleSelector value="#5"/></styleSelector></styleDeclaration><styleDeclaration><styleBlock><styleBlock><color><color value="#FFFFFF"/></color><fillType><fillType value="linear"/></fillType><gradEndAlpha><double value="1"/></gradEndAlpha><gradEndColor><color value="#FFFFFF"/></gradEndColor><gradStartAlpha><double value="1"/></gradStartAlpha><gradStartColor><color value="#FFFFFF"/></gradStartColor><thickness><double value="8"/></thickness></styleBlock></styleBlock><styleSelector><simpleSelector value="#50_252161747"/></styleSelector></styleDeclaration><styleDeclaration><styleBlock><styleBlock><color><color value="#FFFFFF"/></color><fillType><fillType value="linear"/></fillType><gradEndAlpha><double value="1"/></gradEndAlpha><gradEndColor><color value="#FFFFFF"/></gradEndColor><gradStartAlpha><double value="1"/></gradStartAlpha><gradStartColor><color value="#FFFFFF"/></gradStartColor><thickness><double value="8"/></thickness></styleBlock></styleBlock><styleSelector><simpleSelector value="#56_252161747"/></styleSelector></styleDeclaration><styleDeclaration><styleBlock><styleBlock><color><color value="#FFFFFF"/></color><fillType><fillType value="linear"/></fillType><gradEndAlpha><double value="1"/></gradEndAlpha><gradEndColor><color value="#FFFFFF"/></gradEndColor><gradStartAlpha><double value="1"/></gradStartAlpha><gradStartColor><color value="#FFFFFF"/></gradStartColor><thickness><double value="8"/></thickness></styleBlock></styleBlock><styleSelector><simpleSelector value="#6"/></styleSelector></styleDeclaration><styleDeclaration><styleBlock><styleBlock><color><color value="#FFFFFF"/></color><fillType><fillType value="linear"/></fillType><gradEndAlpha><double value="1"/></gradEndAlpha><gradEndColor><color value="#FFFFFF"/></gradEndColor><gradStartAlpha><double value="1"/></gradStartAlpha><gradStartColor><color value="#FFFFFF"/></gradStartColor><thickness><double value="8"/></thickness></styleBlock></styleBlock><styleSelector><simpleSelector value="#63_252161747"/></styleSelector></styleDeclaration><styleDeclaration><styleBlock><styleBlock><color><color value="#FFFFFF"/></color><fillType><fillType value="linear"/></fillType><gradEndAlpha><double value="1"/></gradEndAlpha><gradEndColor><color value="#FFFFFF"/></gradEndColor><gradStartAlpha><double value="1"/></gradStartAlpha><gradStartColor><color value="#FFFFFF"/></gradStartColor><thickness><double value="8"/></thickness></styleBlock></styleBlock><styleSelector><simpleSelector value="#68_252161747"/></styleSelector></styleDeclaration><styleDeclaration><styleBlock><styleBlock><color><color value="#FFFFFF"/></color><fillType><fillType value="linear"/></fillType><gradEndAlpha><double value="1"/></gradEndAlpha><gradEndColor><color value="#FFFFFF"/></gradEndColor><gradStartAlpha><double value="1"/></gradStartAlpha><gradStartColor><color value="#FFFFFF"/></gradStartColor><thickness><double value="8"/></thickness></styleBlock></styleBlock><styleSelector><simpleSelector value="#7"/></styleSelector></styleDeclaration><styleDeclaration><styleBlock><styleBlock><color><color value="#FFFFFF"/></color><fillType><fillType value="linear"/></fillType><gradEndAlpha><double value="1"/></gradEndAlpha><gradEndColor><color value="#FFFFFF"/></gradEndColor><gradStartAlpha><double value="1"/></gradStartAlpha><gradStartColor><color value="#FFFFFF"/></gradStartColor><thickness><double value="8"/></thickness></styleBlock></styleBlock><styleSelector><simpleSelector value="#75_252161747"/></styleSelector></styleDeclaration><styleDeclaration><styleBlock><styleBlock><color><color value="#FFFFFF"/></color><fillType><fillType value="linear"/></fillType><gradEndAlpha><double value="1"/></gradEndAlpha><gradEndColor><color value="#FFFFFF"/></gradEndColor><gradStartAlpha><double value="1"/></gradStartAlpha><gradStartColor><color value="#FFFFFF"/></gradStartColor><thickness><double value="8"/></thickness></styleBlock></styleBlock><styleSelector><simpleSelector value="#83_252161747"/></styleSelector></styleDeclaration><styleDeclaration><styleBlock><styleBlock><color><color value="#FFFFFF"/></color><fillType><fillType value="linear"/></fillType><gradEndAlpha><double value="1"/></gradEndAlpha><gradEndColor><color value="#FFFFFF"/></gradEndColor><gradStartAlpha><double value="1"/></gradStartAlpha><gradStartColor><color value="#FFFFFF"/></gradStartColor><thickness><double value="8"/></thickness></styleBlock></styleBlock><styleSelector><simpleSelector value="#86_252161747"/></styleSelector></styleDeclaration><styleDeclaration><styleBlock><styleBlock><color><color value="#FFFFFF"/></color><fillType><fillType value="linear"/></fillType><gradEndAlpha><double value="1"/></gradEndAlpha><gradEndColor><color value="#FFFFFF"/></gradEndColor><gradStartAlpha><double value="1"/></gradStartAlpha><gradStartColor><color value="#FFFFFF"/></gradStartColor><thickness><double value="8"/></thickness></styleBlock></styleBlock><styleSelector><simpleSelector value="#87_252161747"/></styleSelector></styleDeclaration></array></styleDeclarations></documentStyle></documentStyle><path><array><flyToObject><target><ref value="34_158621475"/></target></flyToObject><flyToObject><target><ref value="84_252161747"/></target></flyToObject><flyToObject><target><ref value="40_252161747"/></target></flyToObject><flyToObject><target><ref value="45_252161747"/></target></flyToObject><flyToObject><target><ref value="49_252161747"/></target></flyToObject><flyToObject><target><ref value="64_252161747"/></target></flyToObject><flyToObject><target><ref value="67_252161747"/></target></flyToObject><flyToObject><target><ref value="80_252161747"/></target></flyToObject><flyToObject><target><ref value="92_252161747"/></target></flyToObject><flyToObject><target><ref value="91_252161747"/></target></flyToObject><flyToObject><target><ref value="98_252161747"/></target></flyToObject></array></path><zObjects><array><zText><id><string value="19_252161747"/></id><localToWorld><transform2D x="-21268.521031064396" y="-8642.696532780852" scale="14.178866324185384" rotation="0"/></localToWorld><styleClasses><array><token value="subtitle"/></array></styleClasses></zText><zCircleFrame><height><double value="800"/></height><id><string value="54_30863873"/></id><localToWorld><transform2D x="-10170.899594953544" y="-8035.316436051723" scale="15.585899492478294" rotation="0"/></localToWorld><styleClasses><array><token value="circle"/></array></styleClasses><width><double value="800"/></width></zCircleFrame><zCircleFrame><height><double value="1381.656419183766"/></height><id><string value="51_30863873"/></id><localToWorld><transform2D x="-23048.844433034184" y="-9442.707406886859" scale="7.385153432932462" rotation="0"/></localToWorld><styleClasses><array><token value="circle"/></array></styleClasses><width><double value="1381.656419183766"/></width></zCircleFrame><zInvisibleFrame><height><double value="1603.0604344274425"/></height><id><string value="0"/></id><localToWorld><transform2D x="-10625.334333129662" y="-8036.955867470458" scale="21.890572778285016" rotation="0"/></localToWorld><styleClasses><array><token value="invisible"/></array></styleClasses><width><double value="2414.7577859734774"/></width></zInvisibleFrame><zLine><id><string value="5"/></id><localToWorld><transform2D x="-441.04176137565076" y="-5473.508985272696" scale="19.886455860788683" rotation="0.48776628361711355"/></localToWorld><startEndDistance><double value="517.3718322278917"/></startEndDistance><styleClasses><array><token value="line3"/></array></styleClasses></zLine><zLine><id><string value="6"/></id><localToWorld><transform2D x="-15159.63701523882" y="-8566.045722426828" scale="19.886455860788693" rotation="0.06659214688809695"/></localToWorld><startEndDistance><double value="546.9518342019065"/></startEndDistance><styleClasses><array><token value="line3"/></array></styleClasses></zLine><zInvisibleFrame><height><double value="2093.781346534005"/></height><id><string value="37_158621475"/></id><localToWorld><transform2D x="-10349.39815477975" y="-8727.81753684484" scale="6.3348014468814515" rotation="0"/></localToWorld><styleClasses><array><token value="invisible"/></array></styleClasses><width><double value="2133.7886455841985"/></width></zInvisibleFrame><zLine><id><string value="7"/></id><localToWorld><transform2D x="-12363.890394970445" y="-3151.407722599881" scale="19.886455860788693" rotation="-1.1072466418047437"/></localToWorld><startEndDistance><double value="524.6533596855447"/></startEndDistance><styleClasses><array><token value="line3"/></array></styleClasses></zLine><zInvisibleFrame><height><double value="802.6184458999342"/></height><id><string value="34_158621475"/></id><localToWorld><transform2D x="-7794.768824510387" y="-12921.233835588937" scale="6.3348014468814515" rotation="0"/></localToWorld><styleClasses><array><token value="invisible"/></array></styleClasses><width><double value="803.0098140934642"/></width></zInvisibleFrame><zCircleFrame><height><double value="800"/></height><id><string value="62_30863873"/></id><localToWorld><transform2D x="8379.93154237988" y="-1308.4634712428085" scale="11.371212525954007" rotation="-4.845002627262793E-33"/></localToWorld><styleClasses><array><token value="circle"/></array></styleClasses><width><double value="800"/></width></zCircleFrame><zText><id><string value="16_158621475"/></id><localToWorld><transform2D x="4406.2667930776615" y="-22899.154755152118" scale="21.801783336998326" rotation="0"/></localToWorld><styleClasses><array><token value="body"/></array></styleClasses><text><text><width>22</width><p><span color="16777215"><![CDATA[✳✱*]]></span></p></text></text></zText><zInvisibleFrame><height><double value="1814.68269279432"/></height><id><string value="52_158621475"/></id><localToWorld><transform2D x="-25856.13983744664" y="-9550.472287574385" scale="5.874906900815071" rotation="0"/></localToWorld><styleClasses><array><token value="invisible"/></array></styleClasses><width><double value="2073.354245896129"/></width></zInvisibleFrame><zSwfGraphics><assetSourceFilename><string value="prezi_template_bubble_black.swf"/></assetSourceFilename><height><double value="78"/></height><id><string value="60_158621475"/></id><localToWorld><transform2D x="-7871.044692444604" y="-12864.07574678841" scale="73.16171372725516" rotation="0.6479044792318216"/></localToWorld><offlineAssetId><string value="4219694495"/></offlineAssetId><onlineAssetId><string value="4219694495"/></onlineAssetId><onlineAssetUrl><string value="https://media.preziusercontent.com/media/7/3/e/e5d5808177d91babf8135f850ecaf67231013.swf"/></onlineAssetUrl><width><double value="69"/></width></zSwfGraphics><zText><id><string value="24_158621475"/></id><localToWorld><transform2D x="-7642.719111436764" y="-14428.921733285018" scale="10.538180894817627" rotation="0"/></localToWorld><styleClasses><array><token value="body"/></array></styleClasses><text><text><width>552</width><p align="center"><span weight="bold" color="16777215"><![CDATA[Ordonnancement des tâches ]]></span></p><p align="center"><span weight="bold" color="16777215"><![CDATA[sur systèmes multi-coeurs ]]></span></p><p align="center"><span weight="bold" color="16777215"><![CDATA[hétérogènes]]></span></p></text></text></zText><zText><id><string value="25_158621475"/></id><localToWorld><transform2D x="-7642.719111436764" y="-13495.863711239093" scale="10.538180894817627" rotation="0"/></localToWorld><styleClasses><array><token value="body"/></array></styleClasses><text><text><width>230.11555238907417</width><p align="center"><span weight="bold" color="16775176"><![CDATA[KHatiri Mohammed]]></span></p></text></text></zText><zText><id><string value="151_30863873"/></id><localToWorld><transform2D x="-10171.879728922646" y="-7806.193907572715" scale="47.009592558688325" rotation="0"/></localToWorld><styleClasses><array><token value="title"/><token value="title-background"/></array></styleClasses><text><text><width>211.6150585893417</width><p align="center"><span><![CDATA[Ordonnancement ]]></span></p></text></text></zText><zImage><assetSourceFilename><string value="imaginer.gif"/></assetSourceFilename><height><double value="248"/></height><id><string value="46_252161747"/></id><localToWorld><transform2D x="6470.437029127475" y="-1326.275672062565" scale="18.836543473182562" rotation="-4.845002627262793E-33"/></localToWorld><offlineAssetId><string value="4730970343"/></offlineAssetId><onlineAssetId><string value="4730970343"/></onlineAssetId><onlineAssetUrl><string value="https://media.preziusercontent.com/media/b/b/c/2625334357083b2366d011762794c2c2691c7.gif"/></onlineAssetUrl><width><double value="207"/></width></zImage><zText><id><string value="61_30863873"/></id><localToWorld><transform2D x="9369.306249107178" y="-4276.897754125545" scale="39.636665247978414" rotation="-4.8450026272627935E-33"/></localToWorld><styleClasses><array><token value="subtitle"/></array></styleClasses><text><text><width>175.09260296587877</width><p><span><![CDATA[Plate-Forme ]]></span></p></text></text></zText><zText><id><string value="66_30863873"/></id><isPlaceholder><bool value="true"/></isPlaceholder><localToWorld><transform2D x="-1657.8261612797246" y="-19415.40018767862" scale="7.206460449533697" rotation="0"/></localToWorld><styleClasses><array><token value="title"/></array></styleClasses><text><text><width>130.56749105981368</width><p align="center"><span><![CDATA[Ajouter du texte]]></span></p></text></text></zText><zText><id><string value="71_30863873"/></id><isPlaceholder><bool value="true"/></isPlaceholder><localToWorld><transform2D x="5232.385987004151" y="-22969.16200949052" scale="7.206460449533697" rotation="0"/></localToWorld><styleClasses><array><token value="title"/></array></styleClasses><text><text><width>234.379368406052</width><p><span><![CDATA[Ajouter du texte]]></span></p></text></text></zText><zCircleFrame><height><double value="800"/></height><id><string value="77_30863873"/></id><localToWorld><transform2D x="-16099.554594787474" y="3670.245857717256" scale="11.371178965893929" rotation="0"/></localToWorld><styleClasses><array><token value="circle"/></array></styleClasses><width><double value="800"/></width></zCircleFrame><zText><id><string value="78_30863873"/></id><localToWorld><transform2D x="-16139.416936659914" y="1383.2764387078646" scale="25.0685911666674" rotation="-2.7955420617360885E-33"/></localToWorld><styleClasses><array><token value="subtitle"/></array></styleClasses><text><text><width>220.4993900181616</width><p align="center"><span><![CDATA[Objectif ???]]></span></p></text></text></zText><zText><id><string value="79_30863873"/></id><localToWorld><transform2D x="-15786.524900640008" y="4232.562388956635" scale="19.252183714527423" rotation="-4.845002627262793E-33"/></localToWorld><styleClasses><array><token value="body"/></array></styleClasses><text><text><width>390.9237784827681</width><p align="center"><span><![CDATA[Minimisation du temps d'exécution]]></span></p><p align="center"/><p align="center"><span><![CDATA[Gestion efficace des ressources]]></span></p><p align="center"/><p align="center"/></text></text></zText><zText><id><string value="1"/></id><localToWorld><transform2D x="19780.798690566044" y="-21845.46509985866" scale="50.30881750369333" rotation="0"/></localToWorld><styleClasses><array><token value="body"/></array></styleClasses></zText><zText><id><string value="0_252161747"/></id><localToWorld><transform2D x="-7642.719111436764" y="-12346.09057921945" scale="7.917491280854715" rotation="0"/></localToWorld><styleClasses><array><token value="body"/></array></styleClasses><text><text><width>464.7157675270773</width><p align="center"><span color="15724527"><![CDATA[Cotutelle]]></span></p><p align="center"><span color="15724527"><![CDATA[France - UGA : ]]></span><span weight="bold" color="15724527"><![CDATA[Denis Trystram]]></span></p><p align="center"><span color="15724527"><![CDATA[&]]></span></p><p align="center"><span color="15724527"><![CDATA[Maroc-Oujda - UMP : ]]></span><span weight="bold" color="15724527"><![CDATA[El Mostafa Daoudi ]]></span></p></text></text></zText><zText><id><string value="1_252161747"/></id><localToWorld><transform2D x="-6824.158840240912" y="-11151.762354142253" scale="9.21781322709675" rotation="0"/></localToWorld><styleClasses><array><token value="subtitle"/></array></styleClasses><text><text><width>230.11555238907417</width><p align="center"><span color="16248250"><![CDATA[02/03/2017]]></span></p></text></text></zText><zInvisibleFrame><height><double value="600"/></height><id><string value="7_252161747"/></id><localToWorld><transform2D x="-25856.97940939984" y="-9549.530741560196" scale="20.02326518448303" rotation="0"/></localToWorld><styleClasses><array><token value="invisible"/></array></styleClasses><width><double value="1066.6666666666663"/></width></zInvisibleFrame><zInvisibleFrame><height><double value="600"/></height><id><string value="9_252161747"/></id><localToWorld><transform2D x="-22931.17034340418" y="-9477.838848708536" scale="8.319782705955953" rotation="0"/></localToWorld><styleClasses><array><token value="invisible"/></array></styleClasses><width><double value="1066.6666666666663"/></width></zInvisibleFrame><zCircle><id><string value="14_252161747"/></id><localToWorld><transform2D x="-24600.961920209502" y="-10138.615168635684" scale="0.5416322183511483" rotation="0"/></localToWorld><radius><double value="146.94978781563685"/></radius><styleClasses><array><token value="poly3"/></array></styleClasses></zCircle><zCircle><id><string value="15_252161747"/></id><localToWorld><transform2D x="-24472.32449492861" y="-9916.984924142913" scale="0.5416322183511483" rotation="0"/></localToWorld><radius><double value="146.94978781563685"/></radius><styleClasses><array><token value="poly3"/></array></styleClasses></zCircle><zCircle><id><string value="17_252161747"/></id><localToWorld><transform2D x="-24789.665246846784" y="-9916.984924142913" scale="0.5416322183511483" rotation="0"/></localToWorld><radius><double value="146.94978781563685"/></radius><styleClasses><array><token value="poly3"/></array></styleClasses></zCircle><zText><id><string value="18_252161747"/></id><localToWorld><transform2D x="-21923.76189107081" y="-8642.696532780852" scale="14.178866324185384" rotation="0"/></localToWorld><styleClasses><array><token value="subtitle"/></array></styleClasses><text><text><width>-1</width><p><span><![CDATA[]]></span></p></text></text></zText><zInvisibleFrame><height><double value="600"/></height><id><string value="8_252161747"/></id><localToWorld><transform2D x="-22194.53392890549" y="-9402.07053178867" scale="17.12306170482696" rotation="0"/></localToWorld><styleClasses><array><token value="invisible"/></array></styleClasses><width><double value="1066.6666666666663"/></width></zInvisibleFrame><zCircle><id><string value="20_252161747"/></id><localToWorld><transform2D x="-24086.52640403898" y="-9810.466190882471" scale="0.5416322183511483" rotation="0"/></localToWorld><radius><double value="146.94978781563685"/></radius><styleClasses><array><token value="poly3"/></array></styleClasses></zCircle><zCircle><id><string value="21_252161747"/></id><localToWorld><transform2D x="-24377.636253257413" y="-9490.599828400302" scale="0.5416322183511483" rotation="0"/></localToWorld><radius><double value="146.94978781563685"/></radius><styleClasses><array><token value="poly3"/></array></styleClasses></zCircle><zCircle><id><string value="22_252161747"/></id><localToWorld><transform2D x="-24086.747948825297" y="-9490.466901528513" scale="0.5416322183511483" rotation="0"/></localToWorld><radius><double value="146.94978781563685"/></radius><styleClasses><array><token value="poly3"/></array></styleClasses></zCircle><zCircle><id><string value="23_252161747"/></id><localToWorld><transform2D x="-24641.629020630837" y="-9656.138092735166" scale="0.6074412950288232" rotation="0"/></localToWorld><radius><double value="146.94978781563685"/></radius><styleClasses><array><token value="poly3"/></array></styleClasses></zCircle><zCircle><id><string value="26_252161747"/></id><localToWorld><transform2D x="-24867.693320587066" y="-9490.732755272089" scale="0.5416322183511483" rotation="0"/></localToWorld><radius><double value="146.94978781563685"/></radius><styleClasses><array><token value="poly3"/></array></styleClasses></zCircle><zSquare><height><double value="181"/></height><id><string value="27_252161747"/></id><localToWorld><transform2D x="-21700.22320167858" y="-10187.358181362222" scale="1.5793096781159979" rotation="0"/></localToWorld><styleClasses><array><token value="poly3"/></array></styleClasses><width><double value="181"/></width></zSquare><zSquare><height><double value="181"/></height><id><string value="28_252161747"/></id><localToWorld><transform2D x="-21700.372417699946" y="-9810.400895372519" scale="1.5793096781159979" rotation="0"/></localToWorld><styleClasses><array><token value="poly3"/></array></styleClasses><width><double value="181"/></width></zSquare><zSquare><height><double value="181"/></height><id><string value="29_252161747"/></id><localToWorld><transform2D x="-21700.132790722393" y="-9399.27498876886" scale="1.5793096781159979" rotation="0"/></localToWorld><styleClasses><array><token value="poly3"/></array></styleClasses><width><double value="181"/></width></zSquare><zSquare><height><double value="181"/></height><id><string value="30_252161747"/></id><localToWorld><transform2D x="-21700.20332644569" y="-8996.922255703297" scale="1.5793096781159979" rotation="0"/></localToWorld><styleClasses><array><token value="poly3"/></array></styleClasses><width><double value="181"/></width></zSquare><zSquare><height><double value="181"/></height><id><string value="31_252161747"/></id><localToWorld><transform2D x="-21700.229553211717" y="-8616.546765440222" scale="1.5793096781159979" rotation="0"/></localToWorld><styleClasses><array><token value="poly3"/></array></styleClasses><width><double value="181"/></width></zSquare><zSquare><height><double value="181"/></height><id><string value="32_252161747"/></id><localToWorld><transform2D x="-21700.300088935008" y="-8207.104599212562" scale="1.5793096781159979" rotation="0"/></localToWorld><styleClasses><array><token value="poly3"/></array></styleClasses><width><double value="181"/></width></zSquare><zSquare><height><double value="181"/></height><id><string value="33_252161747"/></id><localToWorld><transform2D x="-21700.326315701033" y="-10649.121068693114" scale="1.5793096781159979" rotation="0"/></localToWorld><styleClasses><array><token value="poly3"/></array></styleClasses><width><double value="181"/></width></zSquare><zArrow><arcHeight><double value="-83.00072573846182"/></arcHeight><id><string value="34_252161747"/></id><localToWorld><transform2D x="-23071.634193985105" y="-10526.153438888681" scale="3.6170577357615796" rotation="-0.39018608492698964"/></localToWorld><startEndDistance><double value="589.7551467581497"/></startEndDistance><styleClasses><array><token value="line3"/></array></styleClasses></zArrow><zArrow><arcHeight><double value="73.72757334689669"/></arcHeight><id><string value="35_252161747"/></id><localToWorld><transform2D x="-23091.379341439806" y="-8981.422889565078" scale="3.6170577357615823" rotation="0.26179938779914974"/></localToWorld><startEndDistance><double value="540.8138453983618"/></startEndDistance><styleClasses><array><token value="line3"/></array></styleClasses></zArrow><zArrow><id><string value="36_252161747"/></id><localToWorld><transform2D x="-25532.904776051982" y="-10353.541285011654" scale="3.617057735761582" rotation="0.7853981633974466"/></localToWorld><startEndDistance><double value="-238.8361611809208"/></startEndDistance><styleClasses><array><token value="line3"/></array></styleClasses></zArrow><zText><id><string value="37_252161747"/></id><localToWorld><transform2D x="-26365.646238779987" y="-10980.931605943973" scale="14.178866324185384" rotation="0"/></localToWorld><styleClasses><array><token value="subtitle"/></array></styleClasses><text><text><width>-80.328</width><p><span><![CDATA[Tâches]]></span></p></text></text></zText><zArrow><id><string value="38_252161747"/></id><localToWorld><transform2D x="-22471.295417447443" y="-7818.949113523868" scale="3.6170577357615796" rotation="2.879793265790643"/></localToWorld><startEndDistance><double value="266.80341659129"/></startEndDistance><styleClasses><array><token value="line3"/></array></styleClasses></zArrow><zText><id><string value="39_252161747"/></id><localToWorld><transform2D x="-24164.598786736526" y="-7693.650066596121" scale="14.17886632418539" rotation="0"/></localToWorld><styleClasses><array><token value="subtitle"/></array></styleClasses><text><text><width>-140.232</width><p><span><![CDATA[Processeurs]]></span></p></text></text></zText><zInvisibleFrame><height><double value="600"/></height><id><string value="40_252161747"/></id><localToWorld><transform2D x="-22931.48050610503" y="-9477.61730392222" scale="14.105624320036553" rotation="0"/></localToWorld><styleClasses><array><token value="invisible"/></array></styleClasses><width><double value="1066.6666666666663"/></width></zInvisibleFrame><zText><id><string value="41_252161747"/></id><localToWorld><transform2D x="-19900.171812865978" y="-10340.933027236057" scale="18.044170688206137" rotation="0"/></localToWorld><styleClasses><array><token value="subtitle"/></array></styleClasses><text><text><width>-94.128</width><p><span><![CDATA[Quand? ]]></span></p></text></text></zText><zText><id><string value="42_252161747"/></id><localToWorld><transform2D x="-19882.581156832537" y="-9088.496041237857" scale="24.051314105973404" rotation="0"/></localToWorld><styleClasses><array><token value="subtitle"/></array></styleClasses><text><text><width>-46.8</width><p><span><![CDATA[où ?]]></span></p></text></text></zText><zText><id><string value="43_252161747"/></id><localToWorld><transform2D x="-22886.304336520865" y="-12513.783591703761" scale="30.393659191009647" rotation="0"/></localToWorld><styleClasses><array><token value="subtitle"/></array></styleClasses><text><text><width>241.39227692578845</width><p><span color="6557470"><![CDATA[Ordonnancement ???]]></span></p></text></text></zText><zInvisibleFrame><height><double value="600"/></height><id><string value="44_252161747"/></id><localToWorld><transform2D x="-16100.14702006977" y="3669.8251130932067" scale="17.6670600068084" rotation="0"/></localToWorld><styleClasses><array><token value="invisible"/></array></styleClasses><width><double value="1066.6666666666663"/></width></zInvisibleFrame><zInvisibleFrame><height><double value="600"/></height><id><string value="45_252161747"/></id><localToWorld><transform2D x="-16099.792548411662" y="3670.1352757940476" scale="14.722550005673666" rotation="0"/></localToWorld><styleClasses><array><token value="invisible"/></array></styleClasses><width><double value="1066.6666666666663"/></width></zInvisibleFrame><zText><id><string value="47_252161747"/></id><localToWorld><transform2D x="9345.48541139522" y="-1004.419991952267" scale="15.438144529864871" rotation="-4.845002627262793E-33"/></localToWorld><styleClasses><array><token value="subtitle"/></array></styleClasses><text><text><width>344.91323374030395</width><p align="right"><span><![CDATA[Processeur --> ]]></span><span color="8856395"><![CDATA[Professeur]]></span></p></text></text></zText><zText><id><string value="48_252161747"/></id><localToWorld><transform2D x="9186.841963097819" y="744.5034456274485" scale="16.795476928050256" rotation="-4.845002627262792E-33"/></localToWorld><styleClasses><array><token value="subtitle"/></array></styleClasses><text><text><width>352.1686286550246</width><p align="right"><span><![CDATA[Tâches --> ]]></span><span color="6557470"><![CDATA[les copies des examens à corriger]]></span></p></text></text></zText><zInvisibleFrame><height><double value="600"/></height><id><string value="49_252161747"/></id><localToWorld><transform2D x="8379.93154237988" y="-1309.1724145590179" scale="16.177114737990046" rotation="0"/></localToWorld><styleClasses><array><token value="invisible"/></array></styleClasses><width><double value="1066.6666666666667"/></width></zInvisibleFrame><zLine><id><string value="50_252161747"/></id><localToWorld><transform2D x="15378.968679547468" y="-5673.357552640507" scale="19.886455860788683" rotation="-0.5774117406595234"/></localToWorld><startEndDistance><double value="406.992478194206"/></startEndDistance><styleClasses><array><token value="line3"/></array></styleClasses></zLine><zCircleFrame><height><double value="800"/></height><id><string value="51_252161747"/></id><localToWorld><transform2D x="21358.866994923817" y="-8548.059689500078" scale="7.34436812691535" rotation="0"/></localToWorld><styleClasses><array><token value="circle"/></array></styleClasses><width><double value="800"/></width></zCircleFrame><zText><id><string value="53_252161747"/></id><localToWorld><transform2D x="21545.31908708686" y="-6959.9380432767875" scale="15.895761710463683" rotation="0"/></localToWorld><styleClasses><array><token value="subtitle"/></array></styleClasses><text><text><width>227.29796113531944</width><p><span><![CDATA[Mémoire Partagée]]></span></p></text></text></zText><zLine><id><string value="56_252161747"/></id><localToWorld><transform2D x="8121.959269881104" y="5458.897533792884" scale="19.88645586078869" rotation="1.52356986448449"/></localToWorld><startEndDistance><double value="-251.90586180963234"/></startEndDistance><styleClasses><array><token value="line3"/></array></styleClasses></zLine><zInvisibleFrame><height><double value="600"/></height><id><string value="67_252161747"/></id><localToWorld><transform2D x="8378.07056617483" y="9949.910861818493" scale="10.448374401232005" rotation="0"/></localToWorld><styleClasses><array><token value="invisible"/></array></styleClasses><width><double value="1066.6666666666667"/></width></zInvisibleFrame><zCircleFrame><height><double value="800"/></height><id><string value="57_252161747"/></id><localToWorld><transform2D x="8378.425037832938" y="9950.088097647542" scale="7.344368126915348" rotation="0"/></localToWorld><styleClasses><array><token value="circle"/></array></styleClasses><width><double value="800"/></width></zCircleFrame><zImage><assetSourceFilename><string value="can-stock-photo_csp22723240.jpg"/></assetSourceFilename><height><double value="367"/></height><id><string value="62_252161747"/></id><localToWorld><transform2D x="21421.69709632286" y="-9056.283429307598" scale="8.80374398637348" rotation="0"/></localToWorld><offlineAssetId><string value="4730978589"/></offlineAssetId><onlineAssetId><string value="4730978589"/></onlineAssetId><onlineAssetUrl><string value="https://media.preziusercontent.com/media/c/5/0/7c486f9483839f3c99da909f50a937b0d5b40.jpg"/></onlineAssetUrl><width><double value="450"/></width></zImage><zLine><id><string value="63_252161747"/></id><localToWorld><transform2D x="21421.69709632286" y="-7507.242283390344" scale="27.84103820510416" rotation="0"/></localToWorld><startEndDistance><double value="149.38812972955608"/></startEndDistance><styleClasses><array><token value="line3"/></array></styleClasses></zLine><zInvisibleFrame><height><double value="600"/></height><id><string value="64_252161747"/></id><localToWorld><transform2D x="21358.6454501375" y="-8547.793835756498" scale="10.448374401232005" rotation="0"/></localToWorld><styleClasses><array><token value="invisible"/></array></styleClasses><width><double value="1066.6666666666667"/></width></zInvisibleFrame><zImage><assetSourceFilename><string value="dese.jpg"/></assetSourceFilename><height><double value="1300"/></height><id><string value="65_252161747"/></id><localToWorld><transform2D x="8378.646582619253" y="9469.158675514082" scale="2.784415664156085" rotation="0"/></localToWorld><offlineAssetId><string value="4730983150"/></offlineAssetId><onlineAssetId><string value="4730983150"/></onlineAssetId><onlineAssetUrl><string value="https://media.preziusercontent.com/media/7/8/2/7a864273d2aa05f6ae464ea46aa9ffb0817ea.jpg"/></onlineAssetUrl><width><double value="1300"/></width></zImage><zText><id><string value="66_252161747"/></id><localToWorld><transform2D x="8421.138872634545" y="11716.383150458836" scale="14.178866324185387" rotation="0"/></localToWorld><styleClasses><array><token value="subtitle"/></array></styleClasses><text><text><width>-225.43200000000002</width><p><span><![CDATA[Mémoire Distribuée]]></span></p></text></text></zText><zInvisibleFrame><height><double value="600"/></height><id><string value="73_252161747"/></id><localToWorld><transform2D x="28079.029307186003" y="4731.157566415746" scale="10.448374401232005" rotation="0"/></localToWorld><styleClasses><array><token value="invisible"/></array></styleClasses><width><double value="1066.6666666666667"/></width></zInvisibleFrame><zLine><id><string value="68_252161747"/></id><localToWorld><transform2D x="3161.9286179073947" y="10876.651457412854" scale="19.886455860788704" rotation="-0.26179938779915035"/></localToWorld><startEndDistance><double value="-255.75123232328258"/></startEndDistance><styleClasses><array><token value="line3"/></array></styleClasses></zLine><zCircleFrame><height><double value="800"/></height><id><string value="69_252161747"/></id><localToWorld><transform2D x="-1881.2253985185578" y="11836.940733738516" scale="7.344368126915348" rotation="0"/></localToWorld><styleClasses><array><token value="circle"/></array></styleClasses><width><double value="800"/></width></zCircleFrame><zImage><assetSourceFilename><string value="rseau-de-travail-d-quipe-17363899.jpg"/></assetSourceFilename><height><double value="1177"/></height><id><string value="82_252161747"/></id><localToWorld><transform2D x="-1882.2001955783428" y="11559.389425442603" scale="3.0753955714021566" rotation="0"/></localToWorld><offlineAssetId><string value="4731004166"/></offlineAssetId><onlineAssetId><string value="4731004166"/></onlineAssetId><onlineAssetUrl><string value="https://media.preziusercontent.com/media/9/f/4/ad854adb9a6958632a5067c17f37a46e0a545.jpg"/></onlineAssetUrl><width><double value="1300"/></width></zImage><zLine><id><string value="83_252161747"/></id><localToWorld><transform2D x="-1867.8059980353387" y="13268.018344346083" scale="54.568434882004155" rotation="0"/></localToWorld><startEndDistance><double value="71.78928664453036"/></startEndDistance><styleClasses><array><token value="line3"/></array></styleClasses></zLine><zText><id><string value="71_252161747"/></id><localToWorld><transform2D x="-1881.801414962961" y="13420.594264711404" scale="14.178866324185387" rotation="0"/></localToWorld><styleClasses><array><token value="subtitle"/></array></styleClasses><text><text><width>-297.048</width><p><span><![CDATA[Temps de communication]]></span></p></text></text></zText><zInvisibleFrame><height><double value="600"/></height><id><string value="74_252161747"/></id><localToWorld><transform2D x="-3.8105703246241784" y="-3538.0902007209606" scale="47.60131620546872" rotation="0"/></localToWorld><styleClasses><array><token value="invisible"/></array></styleClasses><width><double value="1066.6666666666667"/></width></zInvisibleFrame><zInvisibleFrame><height><double value="600"/></height><id><string value="80_252161747"/></id><localToWorld><transform2D x="18771.40112658904" y="9949.512081203125" scale="10.448374401232005" rotation="0"/></localToWorld><styleClasses><array><token value="invisible"/></array></styleClasses><width><double value="1066.6666666666667"/></width></zInvisibleFrame><zLine><id><string value="75_252161747"/></id><localToWorld><transform2D x="13138.84651813566" y="9815.327033395213" scale="19.886455860788697" rotation="0.11778239341872392"/></localToWorld><startEndDistance><double value="-209.5708412910271"/></startEndDistance><styleClasses><array><token value="line3"/></array></styleClasses></zLine><zCircleFrame><height><double value="800"/></height><id><string value="76_252161747"/></id><localToWorld><transform2D x="18064.407404499343" y="10185.324351757235" scale="7.344368126915348" rotation="0"/></localToWorld><styleClasses><array><token value="circle"/></array></styleClasses><width><double value="800"/></width></zCircleFrame><zText><id><string value="78_252161747"/></id><localToWorld><transform2D x="18152.316375709306" y="11910.988090758288" scale="14.178866324185387" rotation="0"/></localToWorld><styleClasses><array><token value="subtitle"/></array></styleClasses><text><text><width>-279.98400000000004</width><p><span><![CDATA[processeurs hétérogène]]></span></p></text></text></zText><zImage><assetSourceFilename><string value="travail-d-quipe-de-pense-crative-processus-d-ide-ou-remue-mninge-30561100.jpg"/></assetSourceFilename><height><double value="253"/></height><id><string value="79_252161747"/></id><localToWorld><transform2D x="18064.407404499343" y="9729.429490477405" scale="10.289879998259636" rotation="0"/></localToWorld><offlineAssetId><string value="4731003601"/></offlineAssetId><onlineAssetId><string value="4731003601"/></onlineAssetId><onlineAssetUrl><string value="https://media.preziusercontent.com/media/9/e/9/a4c935a97f9c60c0d5d290b691754405a4f2c.jpg"/></onlineAssetUrl><width><double value="400"/></width></zImage><zText><id><string value="81_252161747"/></id><localToWorld><transform2D x="-1448.4155039727964" y="11763.527880986765" scale="14.178866324185387" rotation="0"/></localToWorld><styleClasses><array><token value="subtitle"/></array></styleClasses><text><text><width>-1</width><p><span><![CDATA[]]></span></p></text></text></zText><zInvisibleFrame><height><double value="600"/></height><id><string value="84_252161747"/></id><localToWorld><transform2D x="91.98539527815367" y="-2894.1038158593656" scale="60.35720480214857" rotation="0"/></localToWorld><styleClasses><array><token value="invisible"/></array></styleClasses><width><double value="1066.6666666666667"/></width></zInvisibleFrame><zInvisibleFrame><height><double value="600"/></height><id><string value="85_252161747"/></id><localToWorld><transform2D x="-3.145935965677988" y="-3536.3621513877006" scale="73.89835834022286" rotation="0"/></localToWorld><styleClasses><array><token value="invisible"/></array></styleClasses><width><double value="1066.6666666666667"/></width></zInvisibleFrame><zLine><id><string value="86_252161747"/></id><localToWorld><transform2D x="3519.4205879615943" y="16374.993198102646" scale="19.886455860788697" rotation="0.5964885798117973"/></localToWorld><startEndDistance><double value="-473.4738942614066"/></startEndDistance><styleClasses><array><token value="line3"/></array></styleClasses></zLine><zLine><id><string value="87_252161747"/></id><localToWorld><transform2D x="13689.669037679314" y="15798.967406317808" scale="19.8864558607887" rotation="-0.7188237823955765"/></localToWorld><startEndDistance><double value="482.44759273854385"/></startEndDistance><styleClasses><array><token value="line3"/></array></styleClasses></zLine><zCircleFrame><height><double value="800"/></height><id><string value="88_252161747"/></id><localToWorld><transform2D x="8565.231601654077" y="20241.1092757413" scale="7.344368126915348" rotation="0"/></localToWorld><styleClasses><array><token value="circle"/></array></styleClasses><width><double value="800"/></width></zCircleFrame><zImage><assetSourceFilename><string value="14917114-Une-version-noir-et-blanc-d-un-dessin-au-trait-style-cartoon-d-un-homme-surpris-la-recherche-Banque-d&#039;images.jpg"/></assetSourceFilename><height><double value="1061"/></height><id><string value="97_252161747"/></id><localToWorld><transform2D x="8565.3202195686" y="19670.720068893683" scale="3.6602624319541457" rotation="0"/></localToWorld><offlineAssetId><string value="4731013028"/></offlineAssetId><onlineAssetId><string value="4731013028"/></onlineAssetId><onlineAssetUrl><string value="https://media.preziusercontent.com/media/f/3/9/c6326ffb28ea18b64a7bd970ce45699ee6abf.jpg"/></onlineAssetUrl><width><double value="1300"/></width></zImage><zInvisibleFrame><height><double value="600"/></height><id><string value="91_252161747"/></id><localToWorld><transform2D x="8871.273569470166" y="19671.07454055178" scale="10.448374401232005" rotation="0"/></localToWorld><styleClasses><array><token value="invisible"/></array></styleClasses><width><double value="1066.6666666666667"/></width></zInvisibleFrame><zInvisibleFrame><height><double value="600"/></height><id><string value="92_252161747"/></id><localToWorld><transform2D x="-1752.552186626576" y="11858.785049669215" scale="10.813674594518158" rotation="0"/></localToWorld><styleClasses><array><token value="invisible"/></array></styleClasses><width><double value="1066.6666666666667"/></width></zInvisibleFrame><zText><id><string value="96_252161747"/></id><localToWorld><transform2D x="8564.655585209659" y="21892.902893551633" scale="14.178866324185387" rotation="0"/></localToWorld><styleClasses><array><token value="subtitle"/></array></styleClasses><text><text><width>327.9821242048259</width><p align="center"><span><![CDATA[Trouver des Bornes sur le temps total de travail dans ces conditions]]></span></p></text></text></zText><zInvisibleFrame><height><double value="600"/></height><id><string value="98_252161747"/></id><localToWorld><transform2D x="1.6119504748741505E-12" y="2762.5549041743952" scale="76.48202193692836" rotation="0"/></localToWorld><styleClasses><array><token value="invisible"/></array></styleClasses><width><double value="1066.6666666666667"/></width></zInvisibleFrame></array></zObjects></prezi>